dataset_id,model,cp_method,m_minority,threshold_metric,across_seed_sd,across_seed_iqr,across_seed_mean
openml_3_kr_vs_kp,logistic_regression,global_split_cp,10,q_global,0.03892845246627827,0.04709118215349675,0.2075678975876832
openml_3_kr_vs_kp,logistic_regression,global_split_cp,20,q_global,0.04062971355729343,0.04998782821658526,0.2092167240433434
openml_3_kr_vs_kp,logistic_regression,global_split_cp,50,q_global,0.03965298785933646,0.05035022162801195,0.2168524533791166
openml_3_kr_vs_kp,logistic_regression,global_split_cp,100,q_global,0.03438408259521994,0.02814240979493199,0.22116087588919342
openml_3_kr_vs_kp,logistic_regression,class_conditional_cp,10,q_minority,0.21704568937043672,0.32775786421894926,0.3099048776118285
openml_3_kr_vs_kp,logistic_regression,class_conditional_cp,10,q_majority,0.04047310559452119,0.04535039476156891,0.20924759253198832
openml_3_kr_vs_kp,logistic_regression,class_conditional_cp,10,threshold_sum,0.2130796728208086,0.3226291732588147,0.5191524701438168
openml_3_kr_vs_kp,logistic_regression,class_conditional_cp,20,q_minority,0.16042946408251516,0.10151088587329773,0.28105041941562847
openml_3_kr_vs_kp,logistic_regression,class_conditional_cp,20,q_majority,0.04047310559452119,0.04535039476156891,0.20924759253198832
openml_3_kr_vs_kp,logistic_regression,class_conditional_cp,20,threshold_sum,0.18601694928674534,0.19384804349537482,0.4902980119476168
openml_3_kr_vs_kp,logistic_regression,class_conditional_cp,50,q_minority,0.09457505604558825,0.13892211617706765,0.2722420871987463
openml_3_kr_vs_kp,logistic_regression,class_conditional_cp,50,q_majority,0.04047310559452119,0.04535039476156891,0.20924759253198832
openml_3_kr_vs_kp,logistic_regression,class_conditional_cp,50,threshold_sum,0.11019795736108877,0.1463160989624649,0.48148967973073464
openml_3_kr_vs_kp,logistic_regression,class_conditional_cp,100,q_minority,0.04835903689895015,0.09128674146216365,0.2516306525970019
openml_3_kr_vs_kp,logistic_regression,class_conditional_cp,100,q_majority,0.04047310559452119,0.04535039476156891,0.20924759253198832
openml_3_kr_vs_kp,logistic_regression,class_conditional_cp,100,threshold_sum,0.06564836622297311,0.07623345010775195,0.4608782451289902
openml_3_kr_vs_kp,xgboost,global_split_cp,10,q_global,0.014844965639849184,0.023376792669296265,0.04428285360336304
openml_3_kr_vs_kp,xgboost,global_split_cp,20,q_global,0.015632553679389424,0.025178000330924988,0.043700402975082396
openml_3_kr_vs_kp,xgboost,global_split_cp,50,q_global,0.013098129751086643,0.010217979550361633,0.0415607750415802
openml_3_kr_vs_kp,xgboost,global_split_cp,100,q_global,0.012358738463915163,0.010404735803604126,0.043640875816345216
openml_3_kr_vs_kp,xgboost,class_conditional_cp,10,q_minority,0.10621319915090564,0.1396736055612564,0.11386549472808838
openml_3_kr_vs_kp,xgboost,class_conditional_cp,10,q_majority,0.015035395138147209,0.02245350182056427,0.04483140110969543
openml_3_kr_vs_kp,xgboost,class_conditional_cp,10,threshold_sum,0.11359866748280012,0.12553279101848602,0.15869689583778382
openml_3_kr_vs_kp,xgboost,class_conditional_cp,20,q_minority,0.0668269351094846,0.047737300395965576,0.06240655183792114
openml_3_kr_vs_kp,xgboost,class_conditional_cp,20,q_majority,0.015035395138147209,0.02245350182056427,0.04483140110969543
openml_3_kr_vs_kp,xgboost,class_conditional_cp,20,threshold_sum,0.07750064178797017,0.05055795609951019,0.10723795294761658
openml_3_kr_vs_kp,xgboost,class_conditional_cp,50,q_minority,0.030250027027544313,0.022014394402503967,0.04345659017562866
openml_3_kr_vs_kp,xgboost,class_conditional_cp,50,q_majority,0.015035395138147209,0.02245350182056427,0.04483140110969543
openml_3_kr_vs_kp,xgboost,class_conditional_cp,50,threshold_sum,0.03812776228989886,0.013195276260375977,0.0882879912853241
openml_3_kr_vs_kp,xgboost,class_conditional_cp,100,q_minority,0.021654203368985308,0.021050333976745605,0.04679920077323914
openml_3_kr_vs_kp,xgboost,class_conditional_cp,100,q_majority,0.015035395138147209,0.02245350182056427,0.04483140110969543
openml_3_kr_vs_kp,xgboost,class_conditional_cp,100,threshold_sum,0.027306023114205356,0.020094767212867737,0.09163060188293456
openml_3_kr_vs_kp,tabpfn,global_split_cp,10,q_global,0.004277374291014791,0.0060668885707855225,0.005222135782241821
openml_3_kr_vs_kp,tabpfn,global_split_cp,20,q_global,0.004221567026257241,0.005671203136444092,0.0049128890037536625
openml_3_kr_vs_kp,tabpfn,global_split_cp,50,q_global,0.002851484398810719,0.0037977248430252075,0.00427713394165039
openml_3_kr_vs_kp,tabpfn,global_split_cp,100,q_global,0.0026998140641266706,0.004482179880142212,0.004458796977996826
openml_3_kr_vs_kp,tabpfn,class_conditional_cp,10,q_minority,0.14475159863861764,0.02779453992843628,0.0751282513141632
openml_3_kr_vs_kp,tabpfn,class_conditional_cp,10,q_majority,0.004461480852952437,0.005978405475616455,0.0051331758499145504
openml_3_kr_vs_kp,tabpfn,class_conditional_cp,10,threshold_sum,0.14480024454933144,0.034879907965660095,0.08026142716407776
openml_3_kr_vs_kp,tabpfn,class_conditional_cp,20,q_minority,0.023000197768104715,0.001721411943435669,0.01001753807067871
openml_3_kr_vs_kp,tabpfn,class_conditional_cp,20,q_majority,0.004461480852952437,0.005978405475616455,0.0051331758499145504
openml_3_kr_vs_kp,tabpfn,class_conditional_cp,20,threshold_sum,0.024075233551005094,0.0074753910303115845,0.015150713920593261
openml_3_kr_vs_kp,tabpfn,class_conditional_cp,50,q_minority,0.004065624222410748,0.004731237888336182,0.004343944787979126
openml_3_kr_vs_kp,tabpfn,class_conditional_cp,50,q_majority,0.004461480852952437,0.005978405475616455,0.0051331758499145504
openml_3_kr_vs_kp,tabpfn,class_conditional_cp,50,threshold_sum,0.006391029985739808,0.005934789776802063,0.009477120637893677
openml_3_kr_vs_kp,tabpfn,class_conditional_cp,100,q_minority,0.003069296764159284,0.004548817873001099,0.0050477683544158936
openml_3_kr_vs_kp,tabpfn,class_conditional_cp,100,q_majority,0.004461480852952437,0.005978405475616455,0.0051331758499145504
openml_3_kr_vs_kp,tabpfn,class_conditional_cp,100,threshold_sum,0.005407726475570585,0.008736148476600647,0.010180944204330444
openml_24_mushroom,logistic_regression,global_split_cp,10,q_global,0.003613495044613921,0.004090581098926738,0.01927271312815798
openml_24_mushroom,logistic_regression,global_split_cp,20,q_global,0.0037919944974540063,0.004397363626229417,0.018986512217949992
openml_24_mushroom,logistic_regression,global_split_cp,50,q_global,0.0036870806238988455,0.005550572367624906,0.018545319856884034
openml_24_mushroom,logistic_regression,global_split_cp,100,q_global,0.0034898288129548683,0.0032994088014703937,0.017720723534580873
openml_24_mushroom,logistic_regression,class_conditional_cp,10,q_minority,0.03577325429913861,0.05119798256275873,0.041204112876702906
openml_24_mushroom,logistic_regression,class_conditional_cp,10,q_majority,0.003942982001860552,0.004215807211385286,0.0194640926266083
openml_24_mushroom,logistic_regression,class_conditional_cp,10,threshold_sum,0.03418948342015844,0.04508912264141299,0.0606682055033112
openml_24_mushroom,logistic_regression,class_conditional_cp,20,q_minority,0.03462604809173787,0.012465429279723467,0.033268624322513984
openml_24_mushroom,logistic_regression,class_conditional_cp,20,q_majority,0.003942982001860552,0.004215807211385286,0.0194640926266083
openml_24_mushroom,logistic_regression,class_conditional_cp,20,threshold_sum,0.034207240209571756,0.015959838287922024,0.05273271694912228
openml_24_mushroom,logistic_regression,class_conditional_cp,50,q_minority,0.017490614206081535,0.0038659409673576506,0.019209029400513177
openml_24_mushroom,logistic_regression,class_conditional_cp,50,q_majority,0.003942982001860552,0.004215807211385286,0.0194640926266083
openml_24_mushroom,logistic_regression,class_conditional_cp,50,threshold_sum,0.019294929392452774,0.007435918328426938,0.038673122027121476
openml_24_mushroom,logistic_regression,class_conditional_cp,100,q_minority,0.00555666675068122,0.009220664877443191,0.014936577273335328
openml_24_mushroom,logistic_regression,class_conditional_cp,100,q_majority,0.003942982001860552,0.004215807211385286,0.0194640926266083
openml_24_mushroom,logistic_regression,class_conditional_cp,100,threshold_sum,0.007761301501392834,0.005100929695072587,0.03440066989994363
openml_24_mushroom,xgboost,global_split_cp,10,q_global,0.0004336222786146922,0.0004490017890930176,0.002018505334854126
openml_24_mushroom,xgboost,global_split_cp,20,q_global,0.00043070100296122666,0.00042048096656799316,0.0020223081111907957
openml_24_mushroom,xgboost,global_split_cp,50,q_global,0.0004893057449308733,0.0005390346050262451,0.0021249473094940184
openml_24_mushroom,xgboost,global_split_cp,100,q_global,0.00041390928760607173,0.0004445016384124756,0.002172356843948364
openml_24_mushroom,xgboost,class_conditional_cp,10,q_minority,0.011787475780101723,0.00941208004951477,0.008766877651214599
openml_24_mushroom,xgboost,class_conditional_cp,10,q_majority,0.0003015164051335963,0.0003187805414199829,0.0019195735454559325
openml_24_mushroom,xgboost,class_conditional_cp,10,threshold_sum,0.01161759920962484,0.008944034576416016,0.010686451196670532
openml_24_mushroom,xgboost,class_conditional_cp,20,q_minority,0.011226634295577234,0.0014267712831497192,0.006839632987976074
openml_24_mushroom,xgboost,class_conditional_cp,20,q_majority,0.0003015164051335963,0.0003187805414199829,0.0019195735454559325
openml_24_mushroom,xgboost,class_conditional_cp,20,threshold_sum,0.011098343814955745,0.0017842650413513184,0.008759206533432007
openml_24_mushroom,xgboost,class_conditional_cp,50,q_minority,0.0029234992460085442,0.0010354965925216675,0.003434896469116211
openml_24_mushroom,xgboost,class_conditional_cp,50,q_majority,0.0003015164051335963,0.0003187805414199829,0.0019195735454559325
openml_24_mushroom,xgboost,class_conditional_cp,50,threshold_sum,0.0029946799816044454,0.0009513050317764282,0.005354470014572144
openml_24_mushroom,xgboost,class_conditional_cp,100,q_minority,0.00043916230141692825,0.0003706216812133789,0.0024966657161712646
openml_24_mushroom,xgboost,class_conditional_cp,100,q_majority,0.0003015164051335963,0.0003187805414199829,0.0019195735454559325
openml_24_mushroom,xgboost,class_conditional_cp,100,threshold_sum,0.000589859823461935,0.0009003579616546631,0.004416239261627197
openml_24_mushroom,tabpfn,global_split_cp,10,q_global,0.0,0.0,1.2993812561035156e-05
openml_24_mushroom,tabpfn,global_split_cp,20,q_global,0.0,0.0,1.2993812561035156e-05
openml_24_mushroom,tabpfn,global_split_cp,50,q_global,0.0,0.0,1.2993812561035156e-05
openml_24_mushroom,tabpfn,global_split_cp,100,q_global,0.0,0.0,1.2993812561035156e-05
openml_24_mushroom,tabpfn,class_conditional_cp,10,q_minority,0.0,0.0,1.2993812561035156e-05
openml_24_mushroom,tabpfn,class_conditional_cp,10,q_majority,0.0,0.0,1.2993812561035156e-05
openml_24_mushroom,tabpfn,class_conditional_cp,10,threshold_sum,0.0,0.0,2.5987625122070312e-05
openml_24_mushroom,tabpfn,class_conditional_cp,20,q_minority,0.0,0.0,1.2993812561035156e-05
openml_24_mushroom,tabpfn,class_conditional_cp,20,q_majority,0.0,0.0,1.2993812561035156e-05
openml_24_mushroom,tabpfn,class_conditional_cp,20,threshold_sum,0.0,0.0,2.5987625122070312e-05
openml_24_mushroom,tabpfn,class_conditional_cp,50,q_minority,0.0,0.0,1.2993812561035156e-05
openml_24_mushroom,tabpfn,class_conditional_cp,50,q_majority,0.0,0.0,1.2993812561035156e-05
openml_24_mushroom,tabpfn,class_conditional_cp,50,threshold_sum,0.0,0.0,2.5987625122070312e-05
openml_24_mushroom,tabpfn,class_conditional_cp,100,q_minority,0.0,0.0,1.2993812561035156e-05
openml_24_mushroom,tabpfn,class_conditional_cp,100,q_majority,0.0,0.0,1.2993812561035156e-05
openml_24_mushroom,tabpfn,class_conditional_cp,100,threshold_sum,0.0,0.0,2.5987625122070312e-05
openml_1486_nomao,logistic_regression,global_split_cp,10,q_global,0.057467147446297134,0.02990564839791751,0.16327064896774462
openml_1486_nomao,logistic_regression,global_split_cp,20,q_global,0.06470596740546283,0.0760055453554512,0.188137258551999
openml_1486_nomao,logistic_regression,global_split_cp,50,q_global,0.06113638750562198,0.08118655465080155,0.20866655569823478
openml_1486_nomao,logistic_regression,global_split_cp,100,q_global,0.06757240300361006,0.09505511308612569,0.24001651813311958
openml_1486_nomao,logistic_regression,class_conditional_cp,10,q_minority,0.20401325765039227,0.16247856306908998,0.47935117687345274
openml_1486_nomao,logistic_regression,class_conditional_cp,10,q_majority,0.06361299380649137,0.03641118569662427,0.14892136118022448
openml_1486_nomao,logistic_regression,class_conditional_cp,10,threshold_sum,0.2011797353703959,0.19779878332220102,0.6282725380536772
openml_1486_nomao,logistic_regression,class_conditional_cp,20,q_minority,0.16552999557736026,0.23701022314019182,0.43159853128971903
openml_1486_nomao,logistic_regression,class_conditional_cp,20,q_majority,0.06361299380649137,0.03641118569662427,0.14892136118022448
openml_1486_nomao,logistic_regression,class_conditional_cp,20,threshold_sum,0.17849289600442336,0.3210120061707874,0.5805198924699435
openml_1486_nomao,logistic_regression,class_conditional_cp,50,q_minority,0.13999251507542435,0.1547370297442079,0.4152402148162456
openml_1486_nomao,logistic_regression,class_conditional_cp,50,q_majority,0.06361299380649137,0.03641118569662427,0.14892136118022448
openml_1486_nomao,logistic_regression,class_conditional_cp,50,threshold_sum,0.1527852577256704,0.25255855780644454,0.5641615759964701
openml_1486_nomao,logistic_regression,class_conditional_cp,100,q_minority,0.14961610626647495,0.23491764352502814,0.4017263851807117
openml_1486_nomao,logistic_regression,class_conditional_cp,100,q_majority,0.06361299380649137,0.03641118569662427,0.14892136118022448
openml_1486_nomao,logistic_regression,class_conditional_cp,100,threshold_sum,0.15809541885503367,0.2779337565822356,0.550647746360936
openml_1486_nomao,xgboost,global_split_cp,10,q_global,0.02683827278852396,0.028993964195251465,0.06744173765182496
openml_1486_nomao,xgboost,global_split_cp,20,q_global,0.03907687668411831,0.024820685386657715,0.0790093183517456
openml_1486_nomao,xgboost,global_split_cp,50,q_global,0.04741888043335343,0.02391296625137329,0.09499797224998474
openml_1486_nomao,xgboost,global_split_cp,100,q_global,0.03217155869342011,0.03869764506816864,0.11313191652297974
openml_1486_nomao,xgboost,class_conditional_cp,10,q_minority,0.19281120304672106,0.2526828944683075,0.3524241268634796
openml_1486_nomao,xgboost,class_conditional_cp,10,q_majority,0.029299917198071384,0.034374237060546875,0.06207038760185242
openml_1486_nomao,xgboost,class_conditional_cp,10,threshold_sum,0.2012490308882267,0.29756084084510803,0.41449451446533203
openml_1486_nomao,xgboost,class_conditional_cp,20,q_minority,0.18980423626350548,0.1756887584924698,0.32951194047927856
openml_1486_nomao,xgboost,class_conditional_cp,20,q_majority,0.029299917198071384,0.034374237060546875,0.06207038760185242
openml_1486_nomao,xgboost,class_conditional_cp,20,threshold_sum,0.20015336129321457,0.20686206221580505,0.39158232808113097
openml_1486_nomao,xgboost,class_conditional_cp,50,q_minority,0.15224409459543115,0.13884085416793823,0.2652265280485153
openml_1486_nomao,xgboost,class_conditional_cp,50,q_majority,0.029299917198071384,0.034374237060546875,0.06207038760185242
openml_1486_nomao,xgboost,class_conditional_cp,50,threshold_sum,0.16323761067620782,0.16269730031490326,0.3272969156503677
openml_1486_nomao,xgboost,class_conditional_cp,100,q_minority,0.12122772759225751,0.14012087881565094,0.24860122799873352
openml_1486_nomao,xgboost,class_conditional_cp,100,q_majority,0.029299917198071384,0.034374237060546875,0.06207038760185242
openml_1486_nomao,xgboost,class_conditional_cp,100,threshold_sum,0.12390510640217654,0.16214235126972198,0.3106716156005859
openml_1486_nomao,tabpfn,global_split_cp,10,q_global,0.020300862737959093,0.016357988119125366,0.050465327501296994
openml_1486_nomao,tabpfn,global_split_cp,20,q_global,0.029019709012500054,0.023077532649040222,0.06341219544410706
openml_1486_nomao,tabpfn,global_split_cp,50,q_global,0.04050092074835104,0.04977332055568695,0.08346587419509888
openml_1486_nomao,tabpfn,global_split_cp,100,q_global,0.03570346041330736,0.06197217106819153,0.09977709650993347
openml_1486_nomao,tabpfn,class_conditional_cp,10,q_minority,0.13262507719075914,0.10243071615695953,0.3087001621723175
openml_1486_nomao,tabpfn,class_conditional_cp,10,q_majority,0.021892565807939572,0.008413836359977722,0.04562041759490967
openml_1486_nomao,tabpfn,class_conditional_cp,10,threshold_sum,0.13550845454064722,0.09536466002464294,0.3543205797672272
openml_1486_nomao,tabpfn,class_conditional_cp,20,q_minority,0.14291991216465705,0.10273389518260956,0.2897163271903992
openml_1486_nomao,tabpfn,class_conditional_cp,20,q_majority,0.021892565807939572,0.008413836359977722,0.04562041759490967
openml_1486_nomao,tabpfn,class_conditional_cp,20,threshold_sum,0.14701108143680014,0.09536466002464294,0.33533674478530884
openml_1486_nomao,tabpfn,class_conditional_cp,50,q_minority,0.11651437631964864,0.1538998782634735,0.27810917496681214
openml_1486_nomao,tabpfn,class_conditional_cp,50,q_majority,0.021892565807939572,0.008413836359977722,0.04562041759490967
openml_1486_nomao,tabpfn,class_conditional_cp,50,threshold_sum,0.13065069909566382,0.1513354480266571,0.3237295925617218
openml_1486_nomao,tabpfn,class_conditional_cp,100,q_minority,0.09296868319749237,0.12036377191543579,0.2569439232349396
openml_1486_nomao,tabpfn,class_conditional_cp,100,q_majority,0.021892565807939572,0.008413836359977722,0.04562041759490967
openml_1486_nomao,tabpfn,class_conditional_cp,100,threshold_sum,0.10150319924335091,0.14604589343070984,0.30256434082984923
openml_1489_phoneme,logistic_regression,global_split_cp,10,q_global,0.03635445753902498,0.04826140720591232,0.5849043497988757
openml_1489_phoneme,logistic_regression,global_split_cp,20,q_global,0.03232315615691379,0.04707128768573288,0.600425790846921
openml_1489_phoneme,logistic_regression,global_split_cp,50,q_global,0.026097381894746856,0.03704128718865085,0.6594489382460678
openml_1489_phoneme,logistic_regression,global_split_cp,100,q_global,0.023434892759119603,0.02896976357994585,0.694973441896878
openml_1489_phoneme,logistic_regression,class_conditional_cp,10,q_minority,0.05289558050750666,0.04590394883242621,0.8438377125815286
openml_1489_phoneme,logistic_regression,class_conditional_cp,10,q_majority,0.03717376087960855,0.046511705340474774,0.5647650787561983
openml_1489_phoneme,logistic_regression,class_conditional_cp,10,threshold_sum,0.05907084342341613,0.04174011565863944,1.4086027913377268
openml_1489_phoneme,logistic_regression,class_conditional_cp,20,q_minority,0.05496733614203443,0.06788521192106134,0.8347186532937332
openml_1489_phoneme,logistic_regression,class_conditional_cp,20,q_majority,0.03717376087960855,0.046511705340474774,0.5647650787561983
openml_1489_phoneme,logistic_regression,class_conditional_cp,20,threshold_sum,0.06291484803059157,0.04818785430229644,1.3994837320499314
openml_1489_phoneme,logistic_regression,class_conditional_cp,50,q_minority,0.0467184895636141,0.08034426759053503,0.8247668286709608
openml_1489_phoneme,logistic_regression,class_conditional_cp,50,q_majority,0.03717376087960855,0.046511705340474774,0.5647650787561983
openml_1489_phoneme,logistic_regression,class_conditional_cp,50,threshold_sum,0.07612028846840338,0.08969096803520138,1.3895319074271593
openml_1489_phoneme,logistic_regression,class_conditional_cp,100,q_minority,0.04858938827738513,0.0803958067855759,0.8180340497996397
openml_1489_phoneme,logistic_regression,class_conditional_cp,100,q_majority,0.03717376087960855,0.046511705340474774,0.5647650787561983
openml_1489_phoneme,logistic_regression,class_conditional_cp,100,threshold_sum,0.07410075449580555,0.0864386509466124,1.3827991285558379
openml_1489_phoneme,xgboost,global_split_cp,10,q_global,0.08893306922486782,0.08226338028907776,0.4318732261657715
openml_1489_phoneme,xgboost,global_split_cp,20,q_global,0.080903962371804,0.09520614147186279,0.4502875506877899
openml_1489_phoneme,xgboost,global_split_cp,50,q_global,0.07389655920752655,0.1201208233833313,0.5148261278867722
openml_1489_phoneme,xgboost,global_split_cp,100,q_global,0.07520300441024697,0.0922628790140152,0.5567607581615448
openml_1489_phoneme,xgboost,class_conditional_cp,10,q_minority,0.1952932107534103,0.24771424941718578,0.7543463196605444
openml_1489_phoneme,xgboost,class_conditional_cp,10,q_majority,0.0822303352198204,0.014690130949020386,0.406559956073761
openml_1489_phoneme,xgboost,class_conditional_cp,10,threshold_sum,0.1668895518720158,0.16536952927708626,1.1609062757343054
openml_1489_phoneme,xgboost,class_conditional_cp,20,q_minority,0.17242429584724592,0.18572541326284409,0.6984991788864136
openml_1489_phoneme,xgboost,class_conditional_cp,20,q_majority,0.0822303352198204,0.014690130949020386,0.406559956073761
openml_1489_phoneme,xgboost,class_conditional_cp,20,threshold_sum,0.1837657645169835,0.1486496850848198,1.1050591349601746
openml_1489_phoneme,xgboost,class_conditional_cp,50,q_minority,0.14244427246834257,0.25095290690660477,0.7165930539369583
openml_1489_phoneme,xgboost,class_conditional_cp,50,q_majority,0.0822303352198204,0.014690130949020386,0.406559956073761
openml_1489_phoneme,xgboost,class_conditional_cp,50,threshold_sum,0.16122119036778315,0.17527535185217857,1.1231530100107192
openml_1489_phoneme,xgboost,class_conditional_cp,100,q_minority,0.10402717790937967,0.1807403415441513,0.7262066185474396
openml_1489_phoneme,xgboost,class_conditional_cp,100,q_majority,0.0822303352198204,0.014690130949020386,0.406559956073761
openml_1489_phoneme,xgboost,class_conditional_cp,100,threshold_sum,0.1196862351566937,0.17482705041766167,1.1327665746212006
openml_1489_phoneme,tabpfn,global_split_cp,10,q_global,0.07299256556395309,0.08233702182769775,0.3133083045482635
openml_1489_phoneme,tabpfn,global_split_cp,20,q_global,0.07757283197862999,0.09098181128501892,0.33395897746086123
openml_1489_phoneme,tabpfn,global_split_cp,50,q_global,0.06537956124783423,0.09193386137485504,0.3881844818592072
openml_1489_phoneme,tabpfn,global_split_cp,100,q_global,0.05479260550323421,0.08125549554824829,0.45007761716842654
openml_1489_phoneme,tabpfn,class_conditional_cp,10,q_minority,0.19547723644085008,0.29530980810523033,0.7362635988974944
openml_1489_phoneme,tabpfn,class_conditional_cp,10,q_majority,0.05872515471325346,0.03147529065608978,0.2813113510608673
openml_1489_phoneme,tabpfn,class_conditional_cp,10,threshold_sum,0.1829938572886442,0.22597647085785866,1.0175749499583617
openml_1489_phoneme,tabpfn,class_conditional_cp,20,q_minority,0.16981413118732017,0.20583807304501534,0.6963496662676334
openml_1489_phoneme,tabpfn,class_conditional_cp,20,q_majority,0.05872515471325346,0.03147529065608978,0.2813113510608673
openml_1489_phoneme,tabpfn,class_conditional_cp,20,threshold_sum,0.1661015007439367,0.15151060745120049,0.9776610173285007
openml_1489_phoneme,tabpfn,class_conditional_cp,50,q_minority,0.149494037104055,0.20620034262537956,0.6722915098071098
openml_1489_phoneme,tabpfn,class_conditional_cp,50,q_majority,0.05872515471325346,0.03147529065608978,0.2813113510608673
openml_1489_phoneme,tabpfn,class_conditional_cp,50,threshold_sum,0.14322993059879724,0.18099534139037132,0.9536028608679772
openml_1489_phoneme,tabpfn,class_conditional_cp,100,q_minority,0.12794593615038222,0.18827969580888748,0.6502710103988647
openml_1489_phoneme,tabpfn,class_conditional_cp,100,q_majority,0.05872515471325346,0.03147529065608978,0.2813113510608673
openml_1489_phoneme,tabpfn,class_conditional_cp,100,threshold_sum,0.12350919463358753,0.15304407477378845,0.9315823614597321
openml_1590_adult,logistic_regression,global_split_cp,10,q_global,0.04330271967253918,0.06366635910791563,0.4690625191820731
openml_1590_adult,logistic_regression,global_split_cp,20,q_global,0.0376902918919123,0.0399666989545891,0.4981801437398845
openml_1590_adult,logistic_regression,global_split_cp,50,q_global,0.035234878999812924,0.05172469205443375,0.5943182603427453
openml_1590_adult,logistic_regression,global_split_cp,100,q_global,0.031953704768730475,0.038852570470734205,0.6881575104651553
openml_1590_adult,logistic_regression,class_conditional_cp,10,q_minority,0.08643277435906428,0.13140059743700971,0.8608426326258755
openml_1590_adult,logistic_regression,class_conditional_cp,10,q_majority,0.0441612449159383,0.08057724490480811,0.4303041230549848
openml_1590_adult,logistic_regression,class_conditional_cp,10,threshold_sum,0.09426207636698863,0.14075790223585605,1.2911467556808602
openml_1590_adult,logistic_regression,class_conditional_cp,20,q_minority,0.06873999814229222,0.08235960149421406,0.853751109757541
openml_1590_adult,logistic_regression,class_conditional_cp,20,q_majority,0.0441612449159383,0.08057724490480811,0.4303041230549848
openml_1590_adult,logistic_regression,class_conditional_cp,20,threshold_sum,0.07620965027411017,0.1361843601477477,1.2840552328125256
openml_1590_adult,logistic_regression,class_conditional_cp,50,q_minority,0.06175482280403104,0.055381135971551476,0.8261584904624699
openml_1590_adult,logistic_regression,class_conditional_cp,50,q_majority,0.0441612449159383,0.08057724490480811,0.4303041230549848
openml_1590_adult,logistic_regression,class_conditional_cp,50,threshold_sum,0.05322373352512077,0.0723426300584542,1.256462613517455
openml_1590_adult,logistic_regression,class_conditional_cp,100,q_minority,0.0403165484147943,0.049237166990510506,0.8268173154281332
openml_1590_adult,logistic_regression,class_conditional_cp,100,q_majority,0.0441612449159383,0.08057724490480811,0.4303041230549848
openml_1590_adult,logistic_regression,class_conditional_cp,100,threshold_sum,0.06821699307038695,0.09243548386918898,1.257121438483118
openml_1590_adult,xgboost,global_split_cp,10,q_global,0.04821927274729215,0.04178759455680847,0.42664106488227843
openml_1590_adult,xgboost,global_split_cp,20,q_global,0.049945847961676164,0.07486306130886078,0.4551569879055023
openml_1590_adult,xgboost,global_split_cp,50,q_global,0.025536357246145468,0.03534021973609924,0.5460353374481202
openml_1590_adult,xgboost,global_split_cp,100,q_global,0.03578566710496152,0.024363607168197632,0.6351927131414413
openml_1590_adult,xgboost,class_conditional_cp,10,q_minority,0.07184002970143824,0.08060848247259855,0.8790580455301097
openml_1590_adult,xgboost,class_conditional_cp,10,q_majority,0.04555216583447865,0.033293649554252625,0.39755484461784363
openml_1590_adult,xgboost,class_conditional_cp,10,threshold_sum,0.08363922831873442,0.07281709089875221,1.2766128901479532
openml_1590_adult,xgboost,class_conditional_cp,20,q_minority,0.07282993724877213,0.019774824380874634,0.8524749651551247
openml_1590_adult,xgboost,class_conditional_cp,20,q_majority,0.04555216583447865,0.033293649554252625,0.39755484461784363
openml_1590_adult,xgboost,class_conditional_cp,20,threshold_sum,0.08438829367560288,0.11600271984934807,1.2500298097729683
openml_1590_adult,xgboost,class_conditional_cp,50,q_minority,0.06325889952247163,0.07793763652443886,0.8120014414191246
openml_1590_adult,xgboost,class_conditional_cp,50,q_majority,0.04555216583447865,0.033293649554252625,0.39755484461784363
openml_1590_adult,xgboost,class_conditional_cp,50,threshold_sum,0.05514853577972754,0.072816651314497,1.2095562860369682
openml_1590_adult,xgboost,class_conditional_cp,100,q_minority,0.036419470585513314,0.03314173221588135,0.8208129808306694
openml_1590_adult,xgboost,class_conditional_cp,100,q_majority,0.04555216583447865,0.033293649554252625,0.39755484461784363
openml_1590_adult,xgboost,class_conditional_cp,100,threshold_sum,0.06168004060075353,0.08083644509315491,1.218367825448513
openml_1590_adult,tabpfn,global_split_cp,10,q_global,0.05358687581601564,0.07693009078502655,0.4552261412143707
openml_1590_adult,tabpfn,global_split_cp,20,q_global,0.05455349988154881,0.080344058573246,0.4839563399553299
openml_1590_adult,tabpfn,global_split_cp,50,q_global,0.0233105485982111,0.020006217062473297,0.5783418536186218
openml_1590_adult,tabpfn,global_split_cp,100,q_global,0.03466162702734,0.023678943514823914,0.6732004195451736
openml_1590_adult,tabpfn,class_conditional_cp,10,q_minority,0.0778804480097592,0.09293052926659584,0.8852924673832604
openml_1590_adult,tabpfn,class_conditional_cp,10,q_majority,0.05923956333220412,0.10000187158584595,0.4147336661815643
openml_1590_adult,tabpfn,class_conditional_cp,10,threshold_sum,0.08520326960764217,0.1321525014936924,1.3000261335648247
openml_1590_adult,tabpfn,class_conditional_cp,20,q_minority,0.06263683078863079,0.06699622794985771,0.8624615054577589
openml_1590_adult,tabpfn,class_conditional_cp,20,q_majority,0.05923956333220412,0.10000187158584595,0.4147336661815643
openml_1590_adult,tabpfn,class_conditional_cp,20,threshold_sum,0.09440258586822654,0.12181058898568153,1.2771951716393233
openml_1590_adult,tabpfn,class_conditional_cp,50,q_minority,0.06038896959685256,0.05480014160275459,0.8314534474164248
openml_1590_adult,tabpfn,class_conditional_cp,50,q_majority,0.05923956333220412,0.10000187158584595,0.4147336661815643
openml_1590_adult,tabpfn,class_conditional_cp,50,threshold_sum,0.04828462051174317,0.047037940472364426,1.2461871135979892
openml_1590_adult,tabpfn,class_conditional_cp,100,q_minority,0.033128040110425326,0.05996286869049072,0.8476656280457974
openml_1590_adult,tabpfn,class_conditional_cp,100,q_majority,0.05923956333220412,0.10000187158584595,0.4147336661815643
openml_1590_adult,tabpfn,class_conditional_cp,100,threshold_sum,0.07764870343212321,0.10236177407205105,1.2623992942273616
openml_4534_phishingwebsite,logistic_regression,global_split_cp,10,q_global,0.047057371778317404,0.07104871204881721,0.2458753872076221
openml_4534_phishingwebsite,logistic_regression,global_split_cp,20,q_global,0.04596684687382701,0.06899849514749595,0.25054761449759005
openml_4534_phishingwebsite,logistic_regression,global_split_cp,50,q_global,0.03799756912506963,0.037148104656814396,0.27793031707400895
openml_4534_phishingwebsite,logistic_regression,global_split_cp,100,q_global,0.06352274608318653,0.06842733711462676,0.28142843369077164
openml_4534_phishingwebsite,logistic_regression,class_conditional_cp,10,q_minority,0.30425372970373954,0.46560547982045986,0.6003979658772478
openml_4534_phishingwebsite,logistic_regression,class_conditional_cp,10,q_majority,0.05485738935617988,0.07817033645144883,0.2332773795456769
openml_4534_phishingwebsite,logistic_regression,class_conditional_cp,10,threshold_sum,0.2904268095049074,0.3944014227006747,0.8336753454229247
openml_4534_phishingwebsite,logistic_regression,class_conditional_cp,20,q_minority,0.25685166408013244,0.3507826445517218,0.6392391282907293
openml_4534_phishingwebsite,logistic_regression,class_conditional_cp,20,q_majority,0.05485738935617988,0.07817033645144883,0.2332773795456769
openml_4534_phishingwebsite,logistic_regression,class_conditional_cp,20,threshold_sum,0.26103630104848846,0.3002308435998149,0.8725165078364061
openml_4534_phishingwebsite,logistic_regression,class_conditional_cp,50,q_minority,0.17559680814017176,0.20204054827676,0.46817574227501907
openml_4534_phishingwebsite,logistic_regression,class_conditional_cp,50,q_majority,0.05485738935617988,0.07817033645144883,0.2332773795456769
openml_4534_phishingwebsite,logistic_regression,class_conditional_cp,50,threshold_sum,0.17671281686612464,0.16935645127480026,0.7014531218206959
openml_4534_phishingwebsite,logistic_regression,class_conditional_cp,100,q_minority,0.13774530049253203,0.1940838360057895,0.490238198203678
openml_4534_phishingwebsite,logistic_regression,class_conditional_cp,100,q_majority,0.05485738935617988,0.07817033645144883,0.2332773795456769
openml_4534_phishingwebsite,logistic_regression,class_conditional_cp,100,threshold_sum,0.15618242268998314,0.21075346280617824,0.7235155777493549
openml_4534_phishingwebsite,xgboost,global_split_cp,10,q_global,0.03586643385427485,0.02097347378730774,0.1277117133140564
openml_4534_phishingwebsite,xgboost,global_split_cp,20,q_global,0.03483074004271938,0.03997586667537689,0.13688272833824158
openml_4534_phishingwebsite,xgboost,global_split_cp,50,q_global,0.04317798882699568,0.055694580078125,0.14529483914375305
openml_4534_phishingwebsite,xgboost,global_split_cp,100,q_global,0.045722570780732066,0.061079755425453186,0.15473141074180602
openml_4534_phishingwebsite,xgboost,class_conditional_cp,10,q_minority,0.3880958904456789,0.7272840086370707,0.48189590908586977
openml_4534_phishingwebsite,xgboost,class_conditional_cp,10,q_majority,0.0356501525078087,0.0463951975107193,0.12749776840209961
openml_4534_phishingwebsite,xgboost,class_conditional_cp,10,threshold_sum,0.38075533366432196,0.7135928608477116,0.6093936774879694
openml_4534_phishingwebsite,xgboost,class_conditional_cp,20,q_minority,0.25804524547054875,0.3301016613841057,0.39135005325078964
openml_4534_phishingwebsite,xgboost,class_conditional_cp,20,q_majority,0.0356501525078087,0.0463951975107193,0.12749776840209961
openml_4534_phishingwebsite,xgboost,class_conditional_cp,20,threshold_sum,0.24515852085959192,0.32199016958475113,0.5188478216528892
openml_4534_phishingwebsite,xgboost,class_conditional_cp,50,q_minority,0.16174144938928348,0.21780315041542053,0.27213048934936523
openml_4534_phishingwebsite,xgboost,class_conditional_cp,50,q_majority,0.0356501525078087,0.0463951975107193,0.12749776840209961
openml_4534_phishingwebsite,xgboost,class_conditional_cp,50,threshold_sum,0.17430446764487925,0.23766912519931793,0.3996282577514648
openml_4534_phishingwebsite,xgboost,class_conditional_cp,100,q_minority,0.06882037281427926,0.04632590711116791,0.23225013613700868
openml_4534_phishingwebsite,xgboost,class_conditional_cp,100,q_majority,0.0356501525078087,0.0463951975107193,0.12749776840209961
openml_4534_phishingwebsite,xgboost,class_conditional_cp,100,threshold_sum,0.09754541456440607,0.11719672381877899,0.35974790453910827
openml_4534_phishingwebsite,tabpfn,global_split_cp,10,q_global,0.027317139090013386,0.013244569301605225,0.03750137686729431
openml_4534_phishingwebsite,tabpfn,global_split_cp,20,q_global,0.027010694567354755,0.015521377325057983,0.03847223520278931
openml_4534_phishingwebsite,tabpfn,global_split_cp,50,q_global,0.02800733212560995,0.021359026432037354,0.04194192886352539
openml_4534_phishingwebsite,tabpfn,global_split_cp,100,q_global,0.028718966147962467,0.022615820169448853,0.04420049786567688
openml_4534_phishingwebsite,tabpfn,class_conditional_cp,10,q_minority,0.36757965990713637,0.5371671766042709,0.31085610087029636
openml_4534_phishingwebsite,tabpfn,class_conditional_cp,10,q_majority,0.028132428036692494,0.022319257259368896,0.03750669360160828
openml_4534_phishingwebsite,tabpfn,class_conditional_cp,10,threshold_sum,0.35835627695670574,0.5360694825649261,0.34836279447190466
openml_4534_phishingwebsite,tabpfn,class_conditional_cp,20,q_minority,0.19858239151067825,0.18158577382564545,0.1906053304672241
openml_4534_phishingwebsite,tabpfn,class_conditional_cp,20,q_majority,0.028132428036692494,0.022319257259368896,0.03750669360160828
openml_4534_phishingwebsite,tabpfn,class_conditional_cp,20,threshold_sum,0.18313684558996213,0.1437532752752304,0.2281120240688324
openml_4534_phishingwebsite,tabpfn,class_conditional_cp,50,q_minority,0.1345924489312943,0.05470965802669525,0.13132795691490173
openml_4534_phishingwebsite,tabpfn,class_conditional_cp,50,q_majority,0.028132428036692494,0.022319257259368896,0.03750669360160828
openml_4534_phishingwebsite,tabpfn,class_conditional_cp,50,threshold_sum,0.13453790111517927,0.10113275051116943,0.16883465051651
openml_4534_phishingwebsite,tabpfn,class_conditional_cp,100,q_minority,0.050685168408882146,0.08244962990283966,0.08732261657714843
openml_4534_phishingwebsite,tabpfn,class_conditional_cp,100,q_majority,0.028132428036692494,0.022319257259368896,0.03750669360160828
openml_4534_phishingwebsite,tabpfn,class_conditional_cp,100,threshold_sum,0.07085948457926002,0.08009776473045349,0.12482931017875672
openml_23512_higgs,logistic_regression,global_split_cp,10,q_global,0.00872457314702145,0.009237677467603178,0.5837359751117018
openml_23512_higgs,logistic_regression,global_split_cp,20,q_global,0.012309803238161998,0.012670472674353506,0.5907774564897236
openml_23512_higgs,logistic_regression,global_split_cp,50,q_global,0.01680555075549133,0.01921782128740135,0.6066854399961283
openml_23512_higgs,logistic_regression,global_split_cp,100,q_global,0.016781345280543182,0.026973258486126528,0.6180918996947186
openml_23512_higgs,logistic_regression,class_conditional_cp,10,q_minority,0.055835412084328316,0.08195161044509958,0.6267216915390882
openml_23512_higgs,logistic_regression,class_conditional_cp,10,q_majority,0.010303208264754915,0.0148711577644014,0.5806299351194633
openml_23512_higgs,logistic_regression,class_conditional_cp,10,threshold_sum,0.056689085164274025,0.07573814141591972,1.2073516266585516
openml_23512_higgs,logistic_regression,class_conditional_cp,20,q_minority,0.034166153759492425,0.0461803159681442,0.664158488476543
openml_23512_higgs,logistic_regression,class_conditional_cp,20,q_majority,0.010303208264754915,0.0148711577644014,0.5806299351194633
openml_23512_higgs,logistic_regression,class_conditional_cp,20,threshold_sum,0.039456650379596496,0.058639356458281,1.2447884235960067
openml_23512_higgs,logistic_regression,class_conditional_cp,50,q_minority,0.02225020737066158,0.015236277423868572,0.6614951992026274
openml_23512_higgs,logistic_regression,class_conditional_cp,50,q_majority,0.010303208264754915,0.0148711577644014,0.5806299351194633
openml_23512_higgs,logistic_regression,class_conditional_cp,50,threshold_sum,0.029655706569662998,0.033402589502818714,1.242125134322091
openml_23512_higgs,logistic_regression,class_conditional_cp,100,q_minority,0.015194518029937964,0.025089841706185667,0.6685347511029716
openml_23512_higgs,logistic_regression,class_conditional_cp,100,q_majority,0.010303208264754915,0.0148711577644014,0.5806299351194633
openml_23512_higgs,logistic_regression,class_conditional_cp,100,threshold_sum,0.017973406122992756,0.024536452270579767,1.249164686222435
openml_23512_higgs,xgboost,global_split_cp,10,q_global,0.027172235406195816,0.017814546823501587,0.6473278939723969
openml_23512_higgs,xgboost,global_split_cp,20,q_global,0.027516136877544565,0.022089309990406036,0.6511240690946579
openml_23512_higgs,xgboost,global_split_cp,50,q_global,0.025818266735632752,0.024333178997039795,0.6559372425079346
openml_23512_higgs,xgboost,global_split_cp,100,q_global,0.02069245910347522,0.0188494473695755,0.664340490102768
openml_23512_higgs,xgboost,class_conditional_cp,10,q_minority,0.1012093284242567,0.15434036776423454,0.6984723672270775
openml_23512_higgs,xgboost,class_conditional_cp,10,q_majority,0.023693901012997846,0.031230628490447998,0.6449275851249695
openml_23512_higgs,xgboost,class_conditional_cp,10,threshold_sum,0.10947464338310327,0.17477727681398392,1.343399952352047
openml_23512_higgs,xgboost,class_conditional_cp,20,q_minority,0.09915631895355527,0.13895157724618912,0.7230652317404747
openml_23512_higgs,xgboost,class_conditional_cp,20,q_majority,0.023693901012997846,0.031230628490447998,0.6449275851249695
openml_23512_higgs,xgboost,class_conditional_cp,20,threshold_sum,0.10747394608290838,0.16271523386240005,1.3679928168654443
openml_23512_higgs,xgboost,class_conditional_cp,50,q_minority,0.053718879832441585,0.07992206513881683,0.7044204443693161
openml_23512_higgs,xgboost,class_conditional_cp,50,q_majority,0.023693901012997846,0.031230628490447998,0.6449275851249695
openml_23512_higgs,xgboost,class_conditional_cp,50,threshold_sum,0.06659775026849128,0.10013310611248016,1.3493480294942857
openml_23512_higgs,xgboost,class_conditional_cp,100,q_minority,0.023193745774385877,0.04033021628856659,0.7063182294368744
openml_23512_higgs,xgboost,class_conditional_cp,100,q_majority,0.023693901012997846,0.031230628490447998,0.6449275851249695
openml_23512_higgs,xgboost,class_conditional_cp,100,threshold_sum,0.039201278099421394,0.06249883025884628,1.3512458145618438
openml_23512_higgs,tabpfn,global_split_cp,10,q_global,0.02700702225584746,0.03914513438940048,0.6720464527606964
openml_23512_higgs,tabpfn,global_split_cp,20,q_global,0.0238973060037291,0.024933047592639923,0.6757861614227295
openml_23512_higgs,tabpfn,global_split_cp,50,q_global,0.024305057487398987,0.02493404597043991,0.6792416572570801
openml_23512_higgs,tabpfn,global_split_cp,100,q_global,0.01606884620828762,0.013544179499149323,0.6895983427762985
openml_23512_higgs,tabpfn,class_conditional_cp,10,q_minority,0.15831204506002763,0.22605044022202492,0.7253404388204217
openml_23512_higgs,tabpfn,class_conditional_cp,10,q_majority,0.02759429113175416,0.025577262043952942,0.6709349155426025
openml_23512_higgs,tabpfn,class_conditional_cp,10,threshold_sum,0.15323660927100072,0.21859098598361015,1.3962753543630242
openml_23512_higgs,tabpfn,class_conditional_cp,20,q_minority,0.09264347686035375,0.16254927217960358,0.7528552033007145
openml_23512_higgs,tabpfn,class_conditional_cp,20,q_majority,0.02759429113175416,0.025577262043952942,0.6709349155426025
openml_23512_higgs,tabpfn,class_conditional_cp,20,threshold_sum,0.10379793861021994,0.14948535338044167,1.423790118843317
openml_23512_higgs,tabpfn,class_conditional_cp,50,q_minority,0.07023720454815366,0.09844646230340004,0.7493082597851753
openml_23512_higgs,tabpfn,class_conditional_cp,50,q_majority,0.02759429113175416,0.025577262043952942,0.6709349155426025
openml_23512_higgs,tabpfn,class_conditional_cp,50,threshold_sum,0.08452785496100898,0.11000071093440056,1.4202431753277778
openml_23512_higgs,tabpfn,class_conditional_cp,100,q_minority,0.029995307933010078,0.042069755494594574,0.7402896180748939
openml_23512_higgs,tabpfn,class_conditional_cp,100,q_majority,0.02759429113175416,0.025577262043952942,0.6709349155426025
openml_23512_higgs,tabpfn,class_conditional_cp,100,threshold_sum,0.036659519410777816,0.0338842049241066,1.4112245336174964
openml_23517_numerai28_6,logistic_regression,global_split_cp,10,q_global,0.003995324952410414,0.006366358484601986,0.5329494682905012
openml_23517_numerai28_6,logistic_regression,global_split_cp,20,q_global,0.00414565936113081,0.006437182654036144,0.5336953351966074
openml_23517_numerai28_6,logistic_regression,global_split_cp,50,q_global,0.0038175180490745923,0.005511508606894422,0.5351747878928295
openml_23517_numerai28_6,logistic_regression,global_split_cp,100,q_global,0.002742816002560771,0.003293574014008427,0.5369272159770121
openml_23517_numerai28_6,logistic_regression,class_conditional_cp,10,q_minority,0.019347567925552474,0.0208870305732195,0.5470851811614097
openml_23517_numerai28_6,logistic_regression,class_conditional_cp,10,q_majority,0.004790404417102881,0.006905803709568614,0.532743041070764
openml_23517_numerai28_6,logistic_regression,class_conditional_cp,10,threshold_sum,0.020565247675133427,0.0160378841994,1.0798282222321738
openml_23517_numerai28_6,logistic_regression,class_conditional_cp,20,q_minority,0.013820371566153527,0.01401320457089883,0.5444853066574916
openml_23517_numerai28_6,logistic_regression,class_conditional_cp,20,q_majority,0.004790404417102881,0.006905803709568614,0.532743041070764
openml_23517_numerai28_6,logistic_regression,class_conditional_cp,20,threshold_sum,0.01563148003669352,0.009536341336732423,1.077228347728256
openml_23517_numerai28_6,logistic_regression,class_conditional_cp,50,q_minority,0.006397978303372168,0.006275402793695983,0.5438557342570973
openml_23517_numerai28_6,logistic_regression,class_conditional_cp,50,q_majority,0.004790404417102881,0.006905803709568614,0.532743041070764
openml_23517_numerai28_6,logistic_regression,class_conditional_cp,50,threshold_sum,0.0074838999321377095,0.0038934153645810987,1.0765987753278616
openml_23517_numerai28_6,logistic_regression,class_conditional_cp,100,q_minority,0.004085556582801267,0.0064285879147841785,0.5430023399594786
openml_23517_numerai28_6,logistic_regression,class_conditional_cp,100,q_majority,0.004790404417102881,0.006905803709568614,0.532743041070764
openml_23517_numerai28_6,logistic_regression,class_conditional_cp,100,threshold_sum,0.006436702369621564,0.00479596008869021,1.0757453810302426
openml_23517_numerai28_6,xgboost,global_split_cp,10,q_global,0.008252409652838008,0.009935960173606873,0.5717089653015137
openml_23517_numerai28_6,xgboost,global_split_cp,20,q_global,0.00767728152743466,0.008427150547504425,0.5728152960538864
openml_23517_numerai28_6,xgboost,global_split_cp,50,q_global,0.008665788561439788,0.01028316468000412,0.5730131983757019
openml_23517_numerai28_6,xgboost,global_split_cp,100,q_global,0.010121675902124356,0.012583240866661072,0.5722976505756379
openml_23517_numerai28_6,xgboost,class_conditional_cp,10,q_minority,0.040142230786113065,0.052566707134246826,0.5839949727058411
openml_23517_numerai28_6,xgboost,class_conditional_cp,10,q_majority,0.00879553587490562,0.01218588650226593,0.5721248090267181
openml_23517_numerai28_6,xgboost,class_conditional_cp,10,threshold_sum,0.04140848353299107,0.059010326862335205,1.1561197817325592
openml_23517_numerai28_6,xgboost,class_conditional_cp,20,q_minority,0.01365935649065661,0.007602177560329437,0.5807835698127747
openml_23517_numerai28_6,xgboost,class_conditional_cp,20,q_majority,0.00879553587490562,0.01218588650226593,0.5721248090267181
openml_23517_numerai28_6,xgboost,class_conditional_cp,20,threshold_sum,0.015264983495343182,0.015222795307636261,1.1529083788394927
openml_23517_numerai28_6,xgboost,class_conditional_cp,50,q_minority,0.011523278902043622,0.014172151684761047,0.5768711805343628
openml_23517_numerai28_6,xgboost,class_conditional_cp,50,q_majority,0.00879553587490562,0.01218588650226593,0.5721248090267181
openml_23517_numerai28_6,xgboost,class_conditional_cp,50,threshold_sum,0.016381941740827424,0.01695864647626877,1.1489959895610808
openml_23517_numerai28_6,xgboost,class_conditional_cp,100,q_minority,0.014080186103414088,0.016659170389175415,0.5749552071094512
openml_23517_numerai28_6,xgboost,class_conditional_cp,100,q_majority,0.00879553587490562,0.01218588650226593,0.5721248090267181
openml_23517_numerai28_6,xgboost,class_conditional_cp,100,threshold_sum,0.019937992786580715,0.021564684808254242,1.1470800161361694
openml_23517_numerai28_6,tabpfn,global_split_cp,10,q_global,0.006436806846687157,0.009430915117263794,0.5315463811159133
openml_23517_numerai28_6,tabpfn,global_split_cp,20,q_global,0.0065732549796532515,0.010325133800506592,0.5322195798158645
openml_23517_numerai28_6,tabpfn,global_split_cp,50,q_global,0.005461430264707712,0.008456498384475708,0.5332068622112274
openml_23517_numerai28_6,tabpfn,global_split_cp,100,q_global,0.0045563405876604375,0.006358146667480469,0.5341717511415481
openml_23517_numerai28_6,tabpfn,class_conditional_cp,10,q_minority,0.012415268111735489,0.01144707202911377,0.5387086123228073
openml_23517_numerai28_6,tabpfn,class_conditional_cp,10,q_majority,0.00606170235217779,0.00907096266746521,0.5306322634220123
openml_23517_numerai28_6,tabpfn,class_conditional_cp,10,threshold_sum,0.013703311051196028,0.01611875742673874,1.0693408757448197
openml_23517_numerai28_6,tabpfn,class_conditional_cp,20,q_minority,0.006848137461011141,0.009718269109725952,0.5393877685070038
openml_23517_numerai28_6,tabpfn,class_conditional_cp,20,q_majority,0.00606170235217779,0.00907096266746521,0.5306322634220123
openml_23517_numerai28_6,tabpfn,class_conditional_cp,20,threshold_sum,0.010323287485613732,0.015817880630493164,1.070020031929016
openml_23517_numerai28_6,tabpfn,class_conditional_cp,50,q_minority,0.005740851355660567,0.003928378224372864,0.5384795725345611
openml_23517_numerai28_6,tabpfn,class_conditional_cp,50,q_majority,0.00606170235217779,0.00907096266746521,0.5306322634220123
openml_23517_numerai28_6,tabpfn,class_conditional_cp,50,threshold_sum,0.009305479042714379,0.012776531279087067,1.0691118359565734
openml_23517_numerai28_6,tabpfn,class_conditional_cp,100,q_minority,0.003401621069358168,0.001946285367012024,0.537165704369545
openml_23517_numerai28_6,tabpfn,class_conditional_cp,100,q_majority,0.00606170235217779,0.00907096266746521,0.5306322634220123
openml_23517_numerai28_6,tabpfn,class_conditional_cp,100,threshold_sum,0.008224419972211754,0.01096867024898529,1.0677979677915572
