dataset_id,model,m_minority,across_seed_sd,across_seed_iqr,across_seed_mean
openml_3_kr_vs_kp,logistic_regression,10,0.21704568937043675,0.32775786421894926,0.3099048776118285
openml_3_kr_vs_kp,logistic_regression,20,0.16042946408251516,0.10151088587329773,0.28105041941562847
openml_3_kr_vs_kp,logistic_regression,50,0.09457505604558825,0.13892211617706765,0.2722420871987463
openml_3_kr_vs_kp,logistic_regression,100,0.04835903689895015,0.09128674146216365,0.2516306525970019
openml_24_mushroom,logistic_regression,10,0.03577325429913861,0.05119798256275873,0.041204112876702906
openml_24_mushroom,logistic_regression,20,0.03462604809173787,0.012465429279723467,0.033268624322513984
openml_24_mushroom,logistic_regression,50,0.017490614206081535,0.0038659409673576506,0.019209029400513177
openml_24_mushroom,logistic_regression,100,0.0055566667506812195,0.009220664877443191,0.014936577273335328
openml_1486_nomao,logistic_regression,10,0.20401325765039227,0.16247856306908998,0.47935117687345274
openml_1486_nomao,logistic_regression,20,0.16552999557736026,0.23701022314019182,0.43159853128971903
openml_1486_nomao,logistic_regression,50,0.13999251507542435,0.1547370297442079,0.4152402148162456
openml_1486_nomao,logistic_regression,100,0.14961610626647498,0.23491764352502814,0.4017263851807117
openml_1489_phoneme,logistic_regression,10,0.05289558050750666,0.04590394883242621,0.8438377125815286
openml_1489_phoneme,logistic_regression,20,0.05496733614203443,0.06788521192106134,0.8347186532937332
openml_1489_phoneme,logistic_regression,50,0.0467184895636141,0.08034426759053503,0.8247668286709608
openml_1489_phoneme,logistic_regression,100,0.04858938827738513,0.0803958067855759,0.8180340497996397
openml_1590_adult,logistic_regression,10,0.08643277435906428,0.13140059743700971,0.8608426326258755
openml_1590_adult,logistic_regression,20,0.06873999814229222,0.08235960149421406,0.853751109757541
openml_1590_adult,logistic_regression,50,0.061754822804031044,0.055381135971551476,0.8261584904624699
openml_1590_adult,logistic_regression,100,0.0403165484147943,0.049237166990510506,0.8268173154281332
openml_4534_phishingwebsite,logistic_regression,10,0.30425372970373954,0.46560547982045986,0.6003979658772478
openml_4534_phishingwebsite,logistic_regression,20,0.25685166408013244,0.3507826445517218,0.6392391282907293
openml_4534_phishingwebsite,logistic_regression,50,0.17559680814017176,0.20204054827676,0.46817574227501907
openml_4534_phishingwebsite,logistic_regression,100,0.13774530049253203,0.1940838360057895,0.490238198203678
openml_23512_higgs,logistic_regression,10,0.055835412084328316,0.08195161044509958,0.6267216915390882
openml_23512_higgs,logistic_regression,20,0.034166153759492425,0.0461803159681442,0.664158488476543
openml_23512_higgs,logistic_regression,50,0.02225020737066158,0.015236277423868572,0.6614951992026274
openml_23512_higgs,logistic_regression,100,0.015194518029937964,0.025089841706185667,0.6685347511029716
openml_23517_numerai28_6,logistic_regression,10,0.019347567925552474,0.0208870305732195,0.5470851811614097
openml_23517_numerai28_6,logistic_regression,20,0.013820371566153527,0.01401320457089883,0.5444853066574916
openml_23517_numerai28_6,logistic_regression,50,0.006397978303372168,0.006275402793695983,0.5438557342570973
openml_23517_numerai28_6,logistic_regression,100,0.004085556582801267,0.0064285879147841785,0.5430023399594786
openml_3_kr_vs_kp,xgboost,10,0.10621319915090564,0.1396736055612564,0.11386549472808838
openml_3_kr_vs_kp,xgboost,20,0.0668269351094846,0.047737300395965576,0.06240655183792114
openml_3_kr_vs_kp,xgboost,50,0.030250027027544313,0.022014394402503967,0.04345659017562866
openml_3_kr_vs_kp,xgboost,100,0.021654203368985308,0.021050333976745605,0.04679920077323914
openml_24_mushroom,xgboost,10,0.011787475780101723,0.00941208004951477,0.008766877651214599
openml_24_mushroom,xgboost,20,0.011226634295577234,0.0014267712831497192,0.006839632987976074
openml_24_mushroom,xgboost,50,0.0029234992460085442,0.0010354965925216675,0.003434896469116211
openml_24_mushroom,xgboost,100,0.00043916230141692825,0.0003706216812133789,0.0024966657161712646
openml_1486_nomao,xgboost,10,0.19281120304672106,0.2526828944683075,0.3524241268634796
openml_1486_nomao,xgboost,20,0.18980423626350548,0.1756887584924698,0.32951194047927856
openml_1486_nomao,xgboost,50,0.15224409459543115,0.13884085416793823,0.2652265280485153
openml_1486_nomao,xgboost,100,0.12122772759225751,0.14012087881565094,0.24860122799873352
openml_1489_phoneme,xgboost,10,0.19529321075341033,0.24771424941718578,0.7543463196605444
openml_1489_phoneme,xgboost,20,0.17242429584724592,0.18572541326284409,0.6984991788864136
openml_1489_phoneme,xgboost,50,0.14244427246834257,0.25095290690660477,0.7165930539369583
openml_1489_phoneme,xgboost,100,0.10402717790937967,0.1807403415441513,0.7262066185474396
openml_1590_adult,xgboost,10,0.07184002970143824,0.08060848247259855,0.8790580455301097
openml_1590_adult,xgboost,20,0.07282993724877213,0.019774824380874634,0.8524749651551247
openml_1590_adult,xgboost,50,0.06325889952247163,0.07793763652443886,0.8120014414191246
openml_1590_adult,xgboost,100,0.036419470585513314,0.03314173221588135,0.8208129808306694
openml_4534_phishingwebsite,xgboost,10,0.3880958904456789,0.7272840086370707,0.48189590908586977
openml_4534_phishingwebsite,xgboost,20,0.25804524547054875,0.3301016613841057,0.39135005325078964
openml_4534_phishingwebsite,xgboost,50,0.16174144938928348,0.21780315041542053,0.27213048934936523
openml_4534_phishingwebsite,xgboost,100,0.06882037281427925,0.04632590711116791,0.23225013613700868
openml_23512_higgs,xgboost,10,0.1012093284242567,0.15434036776423454,0.6984723672270775
openml_23512_higgs,xgboost,20,0.09915631895355528,0.13895157724618912,0.7230652317404747
openml_23512_higgs,xgboost,50,0.053718879832441585,0.07992206513881683,0.7044204443693161
openml_23512_higgs,xgboost,100,0.023193745774385877,0.04033021628856659,0.7063182294368744
openml_23517_numerai28_6,xgboost,10,0.040142230786113065,0.052566707134246826,0.5839949727058411
openml_23517_numerai28_6,xgboost,20,0.01365935649065661,0.007602177560329437,0.5807835698127747
openml_23517_numerai28_6,xgboost,50,0.011523278902043622,0.014172151684761047,0.5768711805343628
openml_23517_numerai28_6,xgboost,100,0.014080186103414088,0.016659170389175415,0.5749552071094512
openml_3_kr_vs_kp,tabpfn,10,0.14475159863861764,0.02779453992843628,0.0751282513141632
openml_3_kr_vs_kp,tabpfn,20,0.023000197768104715,0.001721411943435669,0.01001753807067871
openml_3_kr_vs_kp,tabpfn,50,0.004065624222410748,0.004731237888336182,0.004343944787979126
openml_3_kr_vs_kp,tabpfn,100,0.003069296764159284,0.004548817873001099,0.0050477683544158936
openml_24_mushroom,tabpfn,10,0.0,0.0,1.2993812561035156e-05
openml_24_mushroom,tabpfn,20,0.0,0.0,1.2993812561035156e-05
openml_24_mushroom,tabpfn,50,0.0,0.0,1.2993812561035156e-05
openml_24_mushroom,tabpfn,100,0.0,0.0,1.2993812561035156e-05
openml_1486_nomao,tabpfn,10,0.13262507719075914,0.10243071615695953,0.3087001621723175
openml_1486_nomao,tabpfn,20,0.14291991216465705,0.10273389518260956,0.2897163271903992
openml_1486_nomao,tabpfn,50,0.11651437631964864,0.1538998782634735,0.27810917496681214
openml_1486_nomao,tabpfn,100,0.09296868319749237,0.12036377191543579,0.2569439232349396
openml_1489_phoneme,tabpfn,10,0.19547723644085008,0.29530980810523033,0.7362635988974944
openml_1489_phoneme,tabpfn,20,0.16981413118732017,0.20583807304501534,0.6963496662676334
openml_1489_phoneme,tabpfn,50,0.149494037104055,0.20620034262537956,0.6722915098071098
openml_1489_phoneme,tabpfn,100,0.1279459361503822,0.18827969580888748,0.6502710103988647
openml_1590_adult,tabpfn,10,0.0778804480097592,0.09293052926659584,0.8852924673832604
openml_1590_adult,tabpfn,20,0.06263683078863079,0.06699622794985771,0.8624615054577589
openml_1590_adult,tabpfn,50,0.06038896959685256,0.05480014160275459,0.8314534474164248
openml_1590_adult,tabpfn,100,0.033128040110425326,0.05996286869049072,0.8476656280457974
openml_4534_phishingwebsite,tabpfn,10,0.36757965990713637,0.5371671766042709,0.31085610087029636
openml_4534_phishingwebsite,tabpfn,20,0.19858239151067827,0.18158577382564545,0.1906053304672241
openml_4534_phishingwebsite,tabpfn,50,0.1345924489312943,0.05470965802669525,0.13132795691490173
openml_4534_phishingwebsite,tabpfn,100,0.050685168408882146,0.08244962990283966,0.08732261657714843
openml_23512_higgs,tabpfn,10,0.15831204506002763,0.22605044022202492,0.7253404388204217
openml_23512_higgs,tabpfn,20,0.09264347686035375,0.16254927217960358,0.7528552033007145
openml_23512_higgs,tabpfn,50,0.07023720454815366,0.09844646230340004,0.7493082597851753
openml_23512_higgs,tabpfn,100,0.02999530793301008,0.042069755494594574,0.7402896180748939
openml_23517_numerai28_6,tabpfn,10,0.012415268111735489,0.01144707202911377,0.5387086123228073
openml_23517_numerai28_6,tabpfn,20,0.006848137461011141,0.009718269109725952,0.5393877685070038
openml_23517_numerai28_6,tabpfn,50,0.005740851355660567,0.003928378224372864,0.5384795725345611
openml_23517_numerai28_6,tabpfn,100,0.003401621069358168,0.001946285367012024,0.537165704369545
